1,alice1,f1335123,guest,sqa1,1230000001
2,alice2,f1335124,guest,sqa,1230000002
3,alice3,f1335125,guest,sqa,1230000003
4,alice4,f1335126,guest,sqa,1230000004
5,alice5,f1335127,guest,sqa,1230000005
6,alice6,f1335128,guest,sqa,1230000006
7,alice7,f1335129,guest,sqa,1230000007
8,alice8,f1335130,guest,sqa,1230000008
9,alice9,f1335131,guest,sqa,1230000009
10,alice10,f1335132,guest,sqa,1230000010
11,alice11,f1335133,guest,sqa,1230000011
12,alice12,f1335134,guest,sqa,1230000012
13,alice13,f1335135,guest,sqa,1230000013
14,alice14,f1335136,guest,sqa,1230000014
15,alice15,f1335137,guest,sqa,1230000015
16,alice16,f1335138,guest,sqa,1230000016
17,alice17,f1335139,guest,sqa,1230000017
18,alice18,f1335140,guest,sqa,1230000018
19,alice19,f1335141,guest,sqa,1230000019
20,alice20,f1335142,guest,sqa,1230000020
21,alice21,f1335143,guest,sqa,1230000021
22,alice22,f1335144,guest,sqa,1230000022
23,alice23,f1335145,guest,sqa,1230000023
24,alice24,f1335146,guest,sqa,1230000024
25,alice25,f1335147,guest,sqa,1230000025
26,alice26,f1335148,guest,sqa,1230000026
27,alice27,f1335149,guest,sqa,1230000027
28,alice28,f1335150,guest,sqa,1230000028
29,alice29,f1335151,guest,sqa,1230000029
30,alice30,f1335152,guest,sqa,1230000030
31,alice31,f1335153,guest,sqa,1230000031
32,alice32,f1335154,guest,sqa,1230000032
33,alice33,f1335155,guest,sqa,1230000033
34,alice34,f1335156,guest,sqa,1230000034
35,alice35,f1335157,guest,sqa,1230000035
36,alice36,f1335158,guest,sqa,1230000036
37,alice37,f1335159,guest,sqa,1230000037
38,alice38,f1335160,guest,sqa,1230000038
39,alice39,f1335161,guest,sqa,1230000039
40,alice40,f1335162,guest,sqa,1230000040
41,alice41,f1335163,guest,sqa,1230000041
42,alice42,f1335164,guest,sqa,1230000042
43,alice43,f1335165,guest,sqa,1230000043
44,alice44,f1335166,guest,sqa,1230000044
45,alice45,f1335167,guest,sqa,1230000045
46,alice46,f1335168,guest,sqa,1230000046
47,alice47,f1335169,guest,sqa,1230000047
48,alice48,f1335170,guest,sqa,1230000048
49,alice49,f1335171,guest,sqa,1230000049
50,alice50,f1335172,guest,sqa,1230000050
51,alice51,f1335173,guest,sqa,1230000051
52,alice52,f1335174,guest,sqa,1230000052
53,alice53,f1335175,guest,sqa,1230000053
54,alice54,f1335176,guest,sqa,1230000054
55,alice55,f1335177,guest,sqa,1230000055
56,alice56,f1335178,guest,sqa,1230000056
57,alice57,f1335179,guest,sqa,1230000057
58,alice58,f1335180,guest,sqa,1230000058
59,alice59,f1335181,guest,sqa,1230000059
60,alice60,f1335182,guest,sqa,1230000060
61,alice61,f1335183,guest,sqa,1230000061
62,alice62,f1335184,guest,sqa,1230000062
63,alice63,f1335185,guest,sqa,1230000063
64,alice64,f1335186,guest,sqa,1230000064
65,alice65,f1335187,guest,sqa,1230000065
66,alice66,f1335188,guest,sqa,1230000066
67,alice67,f1335189,guest,sqa,1230000067
68,alice68,f1335190,guest,sqa,1230000068
69,alice69,f1335191,guest,sqa,1230000069
70,alice70,f1335192,guest,sqa,1230000070
71,alice71,f1335193,guest,sqa,1230000071
72,alice72,f1335194,guest,sqa,1230000072
73,alice73,f1335195,guest,sqa,1230000073
74,alice74,f1335196,guest,sqa,1230000074
75,alice75,f1335197,guest,sqa,1230000075
76,alice76,f1335198,guest,sqa,1230000076
77,alice77,f1335199,guest,sqa,1230000077
78,alice78,f1335200,guest,sqa,1230000078
79,alice79,f1335201,guest,sqa,1230000079
80,alice80,f1335202,guest,sqa,1230000080
81,alice81,f1335203,guest,sqa,1230000081
82,alice82,f1335204,guest,sqa,1230000082
83,alice83,f1335205,guest,sqa,1230000083
84,alice84,f1335206,guest,sqa,1230000084
85,alice85,f1335207,guest,sqa,1230000085
86,alice86,f1335208,guest,sqa,1230000086
87,alice87,f1335209,guest,sqa,1230000087
88,alice88,f1335210,guest,sqa,1230000088
89,alice89,f1335211,guest,sqa,1230000089
90,alice90,f1335212,guest,sqa,1230000090
91,alice91,f1335213,guest,sqa,1230000091
92,alice92,f1335214,guest,sqa,1230000092
93,alice93,f1335215,guest,sqa,1230000093
94,alice94,f1335216,guest,sqa,1230000094
95,alice95,f1335217,guest,sqa,1230000095
96,alice96,f1335218,guest,sqa,1230000096
97,alice97,f1335219,guest,sqa,1230000097
98,alice98,f1335220,guest,sqa,1230000098
99,alice99,f1335221,guest,sqa,1230000099
100,alice100,f1335222,guest,sqa,1230000100
101,alice101,f1335223,guest,sqa,1230000101
102,alice102,f1335224,guest,sqa,1230000102
103,alice103,f1335225,guest,sqa,1230000103
104,alice104,f1335226,guest,sqa,1230000104
105,alice105,f1335227,guest,sqa,1230000105
106,alice106,f1335228,guest,sqa,1230000106
107,alice107,f1335229,guest,sqa,1230000107
108,alice108,f1335230,guest,sqa,1230000108
109,alice109,f1335231,guest,sqa,1230000109
110,alice110,f1335232,guest,sqa,1230000110
111,alice111,f1335233,guest,sqa,1230000111
112,alice112,f1335234,guest,sqa,1230000112
113,alice113,f1335235,guest,sqa,1230000113
114,alice114,f1335236,guest,sqa,1230000114
115,alice115,f1335237,guest,sqa,1230000115
116,alice116,f1335238,guest,sqa,1230000116
117,alice117,f1335239,guest,sqa,1230000117
118,alice118,f1335240,guest,sqa,1230000118
119,alice119,f1335241,guest,sqa,1230000119
120,alice120,f1335242,guest,sqa,1230000120
121,alice121,f1335243,guest,sqa,1230000121
122,alice122,f1335244,guest,sqa,1230000122
123,alice123,f1335245,guest,sqa,1230000123
124,alice124,f1335246,guest,sqa,1230000124
125,alice125,f1335247,guest,sqa,1230000125
126,alice126,f1335248,guest,sqa,1230000126
127,alice127,f1335249,guest,sqa,1230000127
128,alice128,f1335250,guest,sqa,1230000128
129,alice129,f1335251,guest,sqa,1230000129
130,alice130,f1335252,guest,sqa,1230000130
131,alice131,f1335253,guest,sqa,1230000131
132,alice132,f1335254,guest,sqa,1230000132
133,alice133,f1335255,guest,sqa,1230000133
134,alice134,f1335256,guest,sqa,1230000134
135,alice135,f1335257,guest,sqa,1230000135
136,alice136,f1335258,guest,sqa,1230000136
137,alice137,f1335259,guest,sqa,1230000137
138,alice138,f1335260,guest,sqa,1230000138
139,alice139,f1335261,guest,sqa,1230000139
140,alice140,f1335262,guest,sqa,1230000140
141,alice141,f1335263,guest,sqa,1230000141
142,alice142,f1335264,guest,sqa,1230000142
143,alice143,f1335265,guest,sqa,1230000143
144,alice144,f1335266,guest,sqa,1230000144
145,alice145,f1335267,guest,sqa,1230000145
146,alice146,f1335268,guest,sqa,1230000146
147,alice147,f1335269,guest,sqa,1230000147
148,alice148,f1335270,guest,sqa,1230000148
149,alice149,f1335271,guest,sqa,1230000149
150,alice150,f1335272,guest,sqa,1230000150
151,alice151,f1335273,guest,sqa,1230000151
152,alice152,f1335274,guest,sqa,1230000152
153,alice153,f1335275,guest,sqa,1230000153
154,alice154,f1335276,guest,sqa,1230000154
155,alice155,f1335277,guest,sqa,1230000155
156,alice156,f1335278,guest,sqa,1230000156
157,alice157,f1335279,guest,sqa,1230000157
158,alice158,f1335280,guest,sqa,1230000158
159,alice159,f1335281,guest,sqa,1230000159
160,alice160,f1335282,guest,sqa,1230000160
161,alice161,f1335283,guest,sqa,1230000161
162,alice162,f1335284,guest,sqa,1230000162
163,alice163,f1335285,guest,sqa,1230000163
164,alice164,f1335286,guest,sqa,1230000164
165,alice165,f1335287,guest,sqa,1230000165
166,alice166,f1335288,guest,sqa,1230000166
167,alice167,f1335289,guest,sqa,1230000167
168,alice168,f1335290,guest,sqa,1230000168
169,alice169,f1335291,guest,sqa,1230000169
170,alice170,f1335292,guest,sqa,1230000170
171,alice171,f1335293,guest,sqa,1230000171
172,alice172,f1335294,guest,sqa,1230000172
173,alice173,f1335295,guest,sqa,1230000173
174,alice174,f1335296,guest,sqa,1230000174
175,alice175,f1335297,guest,sqa,1230000175
176,alice176,f1335298,guest,sqa,1230000176
177,alice177,f1335299,guest,sqa,1230000177
178,alice178,f1335300,guest,sqa,1230000178
179,alice179,f1335301,guest,sqa,1230000179
180,alice180,f1335302,guest,sqa,1230000180
181,alice181,f1335303,guest,sqa,1230000181
182,alice182,f1335304,guest,sqa,1230000182
183,alice183,f1335305,guest,sqa,1230000183
184,alice184,f1335306,guest,sqa,1230000184
185,alice185,f1335307,guest,sqa,1230000185
186,alice186,f1335308,guest,sqa,1230000186
187,alice187,f1335309,guest,sqa,1230000187
188,alice188,f1335310,guest,sqa,1230000188
189,alice189,f1335311,guest,sqa,1230000189
190,alice190,f1335312,guest,sqa,1230000190
191,alice191,f1335313,guest,sqa,1230000191
